{
  "d18O_measurement": {
    "r2": 0.9120031542285926,
    "mae": 0.15775326264695577,
    "rmse": 0.23123589308229409
  },
  "d13C_measurement": {
    "r2": 0.8022650560911158,
    "mae": 0.23992443848708916,
    "rmse": 0.31493655301008944
  },
  "Mg_Ca_measurement": {
    "r2": 0.9020256377401554,
    "mae": 0.18175410243740817,
    "rmse": 0.31817216074821514
  },
  "Sr_Ca_measurement": {
    "r2": 0.9649164386193436,
    "mae": 0.06807577775486896,
    "rmse": 0.18991939093458063
  }
}