{
  "d18O_measurement": {
    "r2_scores": [
      0.9816508463151893,
      0.9809498485282461,
      0.9794227115324033,
      0.9825016118962578,
      0.9809040014746315
    ],
    "mean_r2": 0.9810858039493455,
    "std_r2": 0.001014021441722751
  },
  "d13C_measurement": {
    "r2_scores": [
      0.906664568798879,
      0.896337982058787,
      0.8981484361376839,
      0.8960052110356714,
      0.9025497083859038
    ],
    "mean_r2": 0.8999411812833849,
    "std_r2": 0.004091385949248508
  },
  "Mg_Ca_measurement": {
    "r2_scores": [
      0.935527033622351,
      0.9305597242190304,
      0.9366541847916942,
      0.9268313792743921,
      0.9353967726592869
    ],
    "mean_r2": 0.9329938189133509,
    "std_r2": 0.0037280053947136914
  },
  "Sr_Ca_measurement": {
    "r2_scores": [
      0.9296415439688085,
      0.9332585673299095,
      0.9410290303551927,
      0.912641605825956,
      0.9409510343449792
    ],
    "mean_r2": 0.9315043563649692,
    "std_r2": 0.01041450741521552
  }
}