{
  "d18O_measurement": {
    "r2_scores": [
      0.9794927010434278,
      0.978598020817184,
      0.9772407949750495,
      0.9797037072814461,
      0.9787370083891156
    ],
    "mean_r2": 0.9787544465012445,
    "std_r2": 0.000867413375850772
  },
  "d13C_measurement": {
    "r2_scores": [
      0.9061855037188199,
      0.8980172138877424,
      0.9001433223761136,
      0.9000289828463487,
      0.9030864539686142
    ],
    "mean_r2": 0.9014922953595278,
    "std_r2": 0.0028497280302305305
  },
  "Mg_Ca_measurement": {
    "r2_scores": [
      0.9532973626533887,
      0.9549323562340444,
      0.9544335446617482,
      0.9525146453728955,
      0.9564899423798263
    ],
    "mean_r2": 0.9543335702603806,
    "std_r2": 0.001371181548286623
  },
  "Sr_Ca_measurement": {
    "r2_scores": [
      0.9814269880226445,
      0.9840321114803224,
      0.9847846595765096,
      0.9778213221325068,
      0.9834493553665116
    ],
    "mean_r2": 0.9823028873156989,
    "std_r2": 0.00250261562451585
  }
}