Target,MAE,RMSE,R2
d18O_measurement,0.1657142597845923,0.24604295051167321,0.9003726764721937
d13C_measurement,0.28543672786391944,0.37295904732026935,0.7226938003612589
Mg_Ca_measurement,0.1721480314069853,0.30986207482751915,0.9070766325642718
Sr_Ca_measurement,0.08038932484360836,0.20767669347704076,0.9580491682229307
