{
  "d18O_measurement": {
    "r2": 0.9200734174192097,
    "mae": 0.15570607232543454,
    "rmse": 0.22037753290527207
  },
  "d13C_measurement": {
    "r2": 0.8014147995407205,
    "mae": 0.2457839187293984,
    "rmse": 0.3156129373158344
  },
  "Mg_Ca_measurement": {
    "r2": 0.9129297162496832,
    "mae": 0.18457268807265118,
    "rmse": 0.2999445219477051
  },
  "Sr_Ca_measurement": {
    "r2": 0.9632741445017772,
    "mae": 0.07316406749107227,
    "rmse": 0.19431370519039454
  }
}